marker,chr,pos
rbl449,1,479025
Gg_rs14080307,1,1440585
Gg_rs15186966,1,2923116
RBL4976,1,3678621
Gg_rs14788524,1,4080964
Gg_rs13826119,1,7683739
Gg_rs14796935,1,10320446
Gg_rs13832402,1,12488579
Gg_rs14793763,1,13847380
Gg_rs15194859,1,14847187
Gg_rs13828303,1,16419237
Gg_rs13799051,1,19755536
Gg_rs14798199,1,20892359
Gg_rs14799859,1,23646445
hrm_chr1.29Mb,1,27333617
X32_1,1,30335134
X33_2,1,31325838
X35.5Mb,1,33757240
X36.15Mb,1,34401823
X36_3,1,34551545
X36_45,1,34700598
X1_36652477,1,34901278
X36_9,1,35149051
X1_37164711,1,35411442
Gg_rs14810568,1,35549849
Gg_rs13751607,1,36845644
Gg_rs15237483,1,36908076
Gg_rs14812388,1,37835772
Gg_rs15239304,1,37887738
Gg_rs14814753,1,40160048
Gg_rs14815974,1,41584336
Gg_rs13858621,1,44237442
Calle_cGLA1,1,48033947
Gg_rs14820832,1,48075656
Gg_rs13863502,1,48646182
rbl1791,1,50771270
Gg_rs13652874,1,51778478
Gg_rs14825458,1,53214305
Gg_rs14832321,1,59683343
Gg_rs13874954,1,60080719
Gg_rs13876316,1,61428536
Gg_rs14835188,1,62186792
Gg_rs14836303,1,63385690
Gg_rs14837202,1,64551845
Gg_rs13819552,1,71659908
Gg_rs15203656,1,72418911
Gg_rs13725998,1,73244382
snp.248.19.898.S.2,1,77440144
Gg_rs14846455,1,78788929
Gg_rs14849510,1,82590932
Gg_rs13897450,1,87301931
Gg_rs13648017,1,87784709
Gg_rs13901810,1,91200315
Gg_rs14858437,1,92741754
Gg_rs14858939,1,93318656
Gg_rs13910957,1,101131756
snp.26.313.24162.S.2,1,102649167
X1_116783698,1,114520237
X1_117001710,1,114832053
Gg_rs14877932,1,117882924
snp.146.19.59713.S.2,1,125004874
Gg_rs14885084,1,128286348
Gg_rs14885294,1,128847486
Gg_rs14885349,1,128977630
X1_134165693,1,131350907
Gg_rs13939684,1,132460300
Gg_rs15427022,1,133337850
Gg_rs14891046,1,135194339
Gg_rs14893407,1,138065689
Gg_rs14895423,1,139705107
Gg_rs14897336,1,142746882
Gg_rs14898460,1,144855155
Gg_rs10728648,1,145518682
Gg_rs13953562,1,146988746
snp.23.342.18608.S.2,1,148698440
Gg_rs13956767,1,150960511
Gg_rs13779382,1,155510340
Gg_rs14909201,1,157333643
Gg_rs13796909,1,163259020
Gg_rs13965220,1,163985765
Gg_rs15491847,1,168505773
Gg_rs13970339,1,169510679
Gg_rs13976019,1,174277216
Gg_rs13555981,1,177451389
snp.4.489.26499.S.1,1,179059657
X1_183897945,1,180918951
X1_185988681,1,182987407
snp.317.20.11874.S.1,1,194020914
rbl1360,1,196530962
Gg_rs14939684,1,197455851
Gg_rs14131525,2,5056555
Gg_rs14132382,2,5843745
Gg_rs14133982,2,7017142
Gg_rs15060526,2,8387159
Gg_rs14139143,2,11697701
Gg_rs14139246,2,11934340
Gg_rs15063847,2,12861882
Gg_rs15065217,2,14607591
Gg_rs15067636,2,16771127
Gg_rs15069282,2,18471725
Gg_rs15070042,2,19445503
snp.2.314.169117.S.3,2,21311378
X2_23979784,2,24018632
Gg_rs15078248,2,28852740
snp.5.86.55783.S.2,2,33411211
snp.5.242.106204.S.2,2,38433535
Gg_rs15091040,2,42781548
Gg_rs15094455,2,45384469
snp.5.524.143622.S.1,2,47589124
Gg_rs15097588,2,48157811
GG_rs15099683,2,51756699
snp.213.19.40886.S.3,2,52865223
Gg_rs14183215,2,53171670
snp.20.234.4271.S.2,2,56870978
Gg_rs14187137,2,57172051
snp.20.141.70769.S.1,2,59154844
Gg_rs14190959,2,60161629
Gg_rs15107655,2,62058258
Gg_rs15110213,2,64793835
Gg_rs15110439,2,64998570
Gg_rs15112090,2,66361941
Gg_rs14200463,2,67680565
Gg_rs15115408,2,69290382
Gg_rs14206130,2,76137316
Gg_rs15118380,2,77434720
Gg_rs14208289,2,79034049
snp.12.170.1166.S.1,2,83317202
Gg_rs15122555,2,84367585
Gg_rs15123125,2,84825964
Gg_rs15125113,2,86276688
Gg_rs15126508,2,88754535
Gg_rs14218933,2,90682837
Gg_rs14220994,2,93266458
Gg_rs10723221,2,97040983
snp.397.7.5753.S.1,2,98535208
Gg_rs14225365,2,100283237
Gg_rs14232962,2,109567246
Gg_rs15142412,2,110592265
Gg_rs15142986,2,111656920
RBL1120,2,112709273
rbl2524,2,114798111
Gg_rs15146557,2,117236337
Gg_rs14242430,2,120193154
snp.21.121.22418.S.3,2,120303305
Gg_rs15152687,2,124905306
Gg_rs14248701,2,125665077
Gg_rs15154698,2,127004900
rbl2639,2,129145419
Gg_rs15155942,2,130486897
Gg_rs13794988,2,133441175
Gg_rs14253602,2,136129932
Gg_rs16155378,2,138238126
Gg_rs15167003,2,138605748
Gg_rs13761539,2,139780488
Gg_rs14258054,2,145964815
Gg_rs15159012,2,148354542
rbl4207,2,149310477
Gg_rs15273962,3,8012993
Gg_rs14084016,3,14180388
Gg_rs15015376,3,14819702
Gg_rs15749695,3,15203927
X3_16300000,3,15489694
Gg_rs15282380,3,17984384
Gg_rs14327472,3,23999342
X3_27044082,3,25959713
Gg_rs15308709,3,28466577
Gg_rs14334308,3,30573659
Gg_rs16251229,3,33957665
Gg_rs15321001,3,34121879
X3_36969573,3,35799464
Gg_rs15326621,3,36734799
Gg_rs14342633,3,39296720
Gg_rs13675715,3,40585944
Gg_rs15337358,3,43770333
Gg_rs16263890,3,44825123
Gg_rs14349767,3,45464816
Gg_rs14355077,3,47731412
Gg_rs15352400,3,48728882
snp.17.141.24973.S.1,3,52609704
Gg_rs15361114,3,54338771
Gg_rs16281414,3,55263726
rbl1045,3,57019681
Gg_rs15366849,3,59070131
snp.136.57.976.S.1,3,59303063
Gg_rs15371495,3,62791236
Gg_rs16289999,3,64064462
Gg_rs14368844,3,64524381
snp.0.134.12128.S.2,3,65768978
Gg_rs14376271,3,72257156
Gg_rs15389155,3,72995260
Gg_rs15392959,3,75550966
snp.0.524.77981.S.1,3,76010201
Gg_rs15403420,3,79192646
Gg_rs14386273,3,81851578
Gg_rs15416272,3,86515515
Gg_rs15427786,3,91808917
Gg_rs14396698,3,92974937
Gg_rs14401994,3,98150928
Gg_rs15439264,3,98630891
X3_103455805,3,100545762
Gg_rs15449040,3,103808719
X3_108000014,3,NA
Gg_rs14411789,3,107455607
Gg_rs14413960,3,109435048
X4_1267185,4,1286191
Gg_rs13546113,4,1841819
Gg_rs14421145,4,3667538
Gg_rs14421644,4,4091009
Gg_rs15481407,4,5055426
Gg_rs14424160,4,6975700
Gg_rs14425855,4,8654351
Gg_rs14426908,4,9613627
Gg_rs15492033,4,10376330
Gg_rs15494462,4,11346841
Gg_rs14429880,4,12338459
Gg_rs14433135,4,15229355
snp.11.32.32595.S.3,4,17715953
Gg_rs15509071,4,20033431
Gg_rs15511238,4,21785327
Gg_rs15512536,4,23039893
Gg_rs16375993,4,24589093
Gg_rs15522441,4,28385846
Gg_rs15524336,4,29346521
Gg_rs14445431,4,30782190
GG_rs13514546,4,33468673
Gg_rs14457643,4,41785570
Gg_rs15577162,4,51483475
Gg_rs14470123,4,52308827
Gg_rs14476286,4,57770912
Gg_rs14479567,4,61147020
MTUS_1,4,62926903
Gg_rs15603543,4,64852372
Gg_rs15608427,4,66455327
Gg_rs14487406,4,68738722
Gg_rs14488748,4,70910344
snp.131.95.10914.S.1,4,74199336
snp.454.6.3184.S.1,4,75904188
Gg_rs13821042,4,76162624
Gg_rs15627770,4,79685620
Gg_rs14496623,4,80976548
Gg_rs15631046,4,81046751
Gg_rs14500265,4,84154671
Gg_rs15649037,5,542497
Gg_rs14509739,5,1061606
Gg_rs14353199,5,4074625
Gg_rs14515559,5,12264317
Gg_rs15666168,5,13243005
snp.98.79.91070.S.2,5,17614557
Gg_rs15679503,5,22362570
Gg_rs15685956,5,25665093
RBL3041,5,27552588
Gg_rs13585204,5,30607808
GG_rs15696504,5,32817273
X5_38043869,5,35879487
GG_rs15702155,5,37011684
Gg_rs15706046,5,38849288
Gg_rs15713537,5,43649536
Gg_rs15718481,5,45643182
Gg_rs15726907,5,50092059
Gg_rs13591321,5,50986558
GG_rs14549581,5,52411403
Gg_rs15740880,5,55787716
Gg_rs15743499,5,56925084
Gg_rs15750263,6,1284139
Gg_rs15756838,6,4193290
Gg_rs15759150,6,5014708
Gg_rs15759637,6,5175596
Gg_rs15765462,6,6568227
Gg_rs14568888,6,7742744
Gg_rs15773041,6,8866392
Gg_rs15777012,6,10633493
Gg_rs15781634,6,13220219
Gg_rs15783051,6,14544747
Gg_rs14575694,6,15083839
Gg_rs15787464,6,17327995
Gg_rs14582414,6,22394452
Gg_rs13578507,6,23044232
Gg_rs15805109,6,26868425
Gg_rs15807761,6,28016896
Gg_rs14592224,6,31360627
Gg_rs15817738,6,32743333
Gg_rs15826188,7,1680380
Gg_rs15828492,7,2469584
Gg_rs16575534,7,3673817
Gg_rs14601428,7,3858799
Gg_rs15832278,7,3989157
Gg_rs15834580,7,5228531
Gg_rs15835348,7,5615323
Gg_rs15837726,7,7969001
Gg_rs14607135,7,11260790
Gg_rs15845344,7,12509488
GG_rs15846462,7,13386491
Gg_rs15853763,7,16751130
RBL4833,7,16961743
Gg_rs15854820,7,18209201
Gg_rs14614489,7,20658484
Gg_rs13781603,7,21856047
Gg_rs15865067,7,23840020
Gg_rs15867461,7,24882677
Gg_rs14620075,7,26299134
Gg_rs15872202,7,27027570
Gg_rs14622507,7,28250540
Gg_rs15878354,7,29525593
Gg_rs15880841,7,30852447
Gg_rs13600357,7,33485260
Gg_rs15888306,7,34731340
Gg_rs15890557,7,35682862
RBL4827,8,2738111
Gg_rs13615250,8,4487570
Gg_rs14638715,8,7613280
Gg_rs16625881,8,8426011
GG_rs16627615,8,10378748
Gg_rs15910206,8,11466617
Gg_rs14641594,8,12568541
Gg_rs15912619,8,14100831
Gg_rs15919945,8,17962738
Gg_rs14647568,8,19253244
X8_21627386,8,21275999
Gg_rs14652282,8,23555825
Gg_rs15935538,8,26226321
X8_29856293,8,29410049
Gg_rs15944485,9,1764624
Gg_rs13741395,9,1940708
Gg_rs15945813,9,2277396
Gg_rs14660358,9,2489938
Gg_rs15966902,9,3480225
Gg_rs13767077,9,3692046
Gg_rs14669552,9,4287273
Gg_rs15959966,9,5986625
Gg_rs14666100,9,7332602
GG_rs15957333,9,7546777
Gg_rs13764479,9,9258036
Gg_rs14671718,9,11818418
Gg_rs16667467,9,12282397
Gg_rs15973318,9,13912221
Gg_rs13608395,9,14731322
Gg_rs15978131,9,16688383
Gg_rs14681736,9,21849192
Gg_rs14941298,10,1847396
Gg_rs14941656,10,3202353
Gg_rs14001676,10,3853777
Gg_rs14001865,10,4073597
Gg_rs14002026,10,4252654
Gg_rs14003134,10,6317387
Gg_rs14006050,10,11362934
Gg_rs14947769,10,12071751
Gg_rs14008254,10,13146665
Gg_rs14949856,10,13793654
GG_rs14951592,10,16035116
Gg_rs14952325,10,17409527
RBL5171,10,17754013
Gg_rs14013334,10,19056293
Gg_rs14957923,11,1326452
Gg_rs14019836,11,5083387
Gg_rs14961831,11,7933354
Gg_rs14963019,11,9233556
Gg_rs14025092,11,11212393
Gg_rs14965335,11,13173854
Gg_rs14026230,11,13835372
RBL3647,11,15506176
Gg_rs14966910,11,16786380
RBL2392,11,18802055
RBL11412,11,19142920
Gg_rs14031213,12,2036593
Gg_rs14970690,12,2176134
Gg_rs14971198,12,2766168
Gg_rs13621493,12,3076405
Gg_rs13609494,12,5538321
Gg_rs14974529,12,6304262
Gg_rs14038468,12,8569364
Gg_rs14979113,12,10740553
Gg_rs14040823,12,11125456
Gg_rs14980322,12,12167140
X12_14051161,12,14150069
Gg_rs15665532,12,16678176
GG_rs15668644,12,17699771
Gg_rs14984996,12,17812125
Gg_rs14987224,13,1624738
Gg_rs14049768,13,2185517
GG_rs15676474,13,2278421
Gg_rs14991095,13,5102045
Gg_rs14058675,13,10742939
Gg_rs14995644,13,11735757
Gg_rs14062853,13,15507714
Gg_rs14064050,13,16667620
Gg_rs13505733,13,18032473
Gg_rs13530101,14,1150805
Gg_rs15003571,14,1883203
Gg_rs13530447,14,2047947
Gg_rs13530937,14,3086769
Gg_rs13531123,14,3497335
Gg_rs14071785,14,3985497
Gg_rs13531951,14,5487660
Gg_rs13532292,14,6092798
Gg_rs14076550,14,8901874
rbl1499,14,12066832
Gg_rs15002638,14,13628710
rbl1871,14,15000631
Gg_rs15760904,15,403059
Gg_rs14086723,15,933472
Gg_rs14087152,15,1697236
Gg_rs15763008,15,1872721
Gg_rs15763765,15,2230582
Gg_rs15019494,15,4308352
Gg_rs15023850,15,9414707
Gg_rs14095161,15,10707964
Gg_rs15025752,15,11401597
Gg_rs14095923,15,11708108
Gg_rs15026295,15,12084299
Gg_rs14096699,16,2480204
Gg_rs15035175,17,969239
Gg_rs14104881,17,1000342
Gg_rs15034592,17,1473750
Gg_rs15033588,17,2473253
Gg_rs13744918,17,3944254
Gg_rs13744523,17,5465495
rbl4379,17,5817334
Gg_rs15030463,17,6408779
Gg_rs14099860,17,6728614
RBL3555,17,6957395
Gg_rs14099239,17,7470995
Gg_rs14098170,17,8396399
Gg_rs14097200,17,9796419
X18_4226902,18,4239004
Gg_rs13507726,18,4931562
GG_rs14111738,18,5852034
Gg_rs15040472,18,6195698
Gg_rs15041428,18,7403924
rbl11793,18,9437678
Gg_rs14115035,19,400229
Gg_rs15044431,19,1720582
Gg_rs14116811,19,2028198
Gg_rs14119166,19,3827260
Gg_rs14119557,19,4153676
Gg_rs15047011,19,4331777
Gg_rs14267757,20,625045
Gg_rs14268119,20,998380
Gg_rs13630767,20,1222389
Gg_rs15169731,20,1566484
Gg_rs14270861,20,3157160
Gg_rs15171542,20,3825225
GG_rs15171843,20,4177657
Gg_rs15173751,20,6216604
Gg_rs15174465,20,6932170
Gg_rs15176962,20,9657097
Gg_rs15177950,20,10729434
GG_rs14280427,20,12278965
Gg_rs16175731,20,13016836
Gg_rs14280872,20,13149304
Gg_rs15180293,21,673999
GG_rs15181258,21,1808590
Gg_rs15181639,21,2194516
Gg_rs15182195,21,2702007
Gg_rs15183964,21,4620849
Gg_rs15184205,21,5376623
GG_rs16183301,21,6494925
rbl2878,21,6560677
Gg_rs15190690,22,4311408
Gg_rs15187890,22,5096870
Gg_rs14287506,23,318416
Gg_rs15192642,23,752333
Gg_rs15194003,23,1163038
RBL4501,23,2275005
Gg_rs15202059,23,3689556
Gg_rs15205981,23,4875009
Gg_rs14292805,24,1143074
Gg_rs14293179,24,1506870
GG_rs16194400,24,1812195
Gg_rs13604720,24,2601122
Gg_rs14294768,24,3033125
Gg_rs14295223,24,3335398
Gg_rs15219713,24,3457660
Gg_rs13605511,24,4226710
X24_4804919,24,4781781
GG_rs16198590,24,5301340
Gg_rs10727764,24,5582081
Gg_rs15226706,24,5928127
BCDO2_1,24,6151480
GG_rs16723724,25,177009
Gg_rs16687808,25,2338142
snp.277.8.15674.S.3,25,2408014
X25_1336168,25,2421222
snp.2347.3.303.S.1,25,2464112
Gg_rs16682367,25,3687372
Gg_rs13724644,26,877972
Gg_rs15466096,26,1110806
Gg_rs13605725,26,1437975
X26_1308001,26,1511882
Gg_rs15230937,26,2511713
Gg_rs15233639,26,3224844
Gg_rs13606603,26,3991875
GG_rs16204548,26,4745095
Gg_rs14301306,26,4995520
RBL280,27,2635524
Gg_rs15241862,27,3626305
Gg_rs15238525,27,4372230
GG_rs14302341,27,4834331
Gg_rs15242550,27,5942536
Gg_rs15242418,27,5995571
GG_rs14304199,27,7519096
Gg_rs15246213,28,1119248
X28_1608048,28,2115727
Gg_rs15247667,28,2582768
Gg_rs14306112,28,2746445
Gg_rs14307279,28,3814681
Gg_rs15252823,28,4745154
GG_rs15252842,28,4757842
Gg_rs15002180,X,1818833
Gg_rs16455399,X,3554578
Gg_rs15249787,X,5533312
Gg_rs15996532,X,6815603
GG_rs16129479,X,9517872
Gg_rs14785975,X,11432670
Gg_rs14756180,X,12976139
Gg_rs16103283,X,14016517
Gg_rs16098366,X,16770715
GG_rs14752448,X,17547128
Gg_rs13677057,X,21705917
Gg_rs14066341,X,22809715
Gg_rs16104549,X,24617948
GG_rs13776838,X,25804336
Gg_rs16765674,X,28032622
UPS002,X,31859014
Gg_rs16766257,X,33394091
Gg_rs16110306,X,36168220
Gg_rs16768340,X,37374725
Gg_rs16131926,X,39203686
GG_rs16782623,X,41699011
Gg_rs16111918,X,44497544
Gg_rs14956052,X,46003979
GG_rs14016786,X,48037535
Gg_rs16112880,X,50448060
Gg_rs16114279,X,52128174
Gg_rs14770890,X,55162828
Gg_rs16096662,X,57211694
Gg_rs16758198,X,59818643
Gg_rs16119734,X,61569553
Gg_rs14773440,X,63173884
Gg_rs16120489,X,65935296
Gg_rs14776556,X,67539053
Gg_rs16124385,X,68849032
Gg_rs14781227,X,71766305
Gg_rs15990837,X,81345784
